Timestamp,What is your email?,In which country do you currently reside?,Select the title most similar to your current role,How would you rate your expertise in these languages [Python],How would you rate your expertise in these languages [R],How would you rate your expertise in these languages [SQL],How would you rate your expertise in these languages [C],How would you rate your expertise in these languages [C++],How would you rate your expertise in these languages [Java],How would you rate your expertise in these languages [Javascript],How would you rate your expertise in these languages [Panda],How would you rate your expertise in these languages [Bash],How would you rate your expertise in these languages [MATLAB],How would you rate your expertise in these languages [Other],How would you rate your overall analytics expertise?,"Which of the following big data products (relational databases, data warehouses, data lakes, or similar) do you use on a regular basis? (Select all that apply)",Have you realized these types of initiatives in these platforms? [Data Warehouse],Have you realized these types of initiatives in these platforms? [Data Lakes],Have you realized these types of initiatives in these platforms? [ML/AI],Have you realized these types of initiatives in these platforms? [Data Preparation],Have you realized these types of initiatives in these platforms? [ETL],Have you realized these types of initiatives in these platforms? [Data Onboarding],Email Address
7/25/2020 19:04:41,dmoverley8@usda.gov,Serbia,Data Analyst,expert,competent,proficient,beginner,beginner,competent,beginner,competent,none,competent,proficient,2,Database B,Platform D,Platform C,Platform B Platform C,Platform D,Platform A;Platform B;Platform C,Platform B,dmoverley8@usda.gov
9/6/2020 6:02:31,bbevisa@spotify.com,Indonesia,Data Scientist,competent,proficient,expert,none,proficient,beginner,beginner,competent,competent,proficient,proficient,5,Database C,Platform D,Platform B;Platform C,Platform A;Platform B,Platform C,Platform D,Platform A,bbevisa@spotify.com
4/20/2020 19:28:19,fbertwistlec@myspace.com,Ukraine,Data Scientist,competent,expert,beginner,expert,beginner,proficient,none,beginner,none,beginner,expert,2,Database A,Platform D,Platform A;Platform C,Platform C,Platform D;Platform B,Platform A;Platform B;Platform C,Platform B;Platform C,fbertwistlec@myspace.com
10/2/2020 3:20:53,pcoytel@seattletimes.com,Peru,Data Analyst,beginner,expert,beginner,expert,proficient,beginner,beginner,beginner,proficient,none,beginner,2,Database C,Platform A,Platform A;Platform C,Platform C,Platform A;Platform D;Platform C,Platform B;Platform C,Platform B,pcoytel@seattletimes.com
4/9/2020 15:19:12,ccinavasn@virginia.edu,Hungary,Citizen Data Scientist,proficient,expert,proficient,competent,proficient,proficient,beginner,competent,expert,expert,beginner,4,Database E,Platform B,Platform A;Platform B,Platform A;Platform B,Platform A,Platform D;Platform B,Platform C,ccinavasn@virginia.edu
5/14/2020 21:22:42,rchilverq@sciencedaily.com,Honduras,Data Analyst,competent,proficient,none,proficient,proficient,beginner,expert,none,expert,competent,proficient,1,Database B;Database E,Platform C,Platform A;Platform C,Platform A;Platform C,"Platform A;Platform D,Platform B",Platform A;Platform D;Platform C,Platform D;Platform B,rchilverq@sciencedaily.com
9/18/2020 3:03:53,mgeorges@privacy.gov.au,Argentina,Product/Project Manager,expert,beginner,beginner,expert,expert,proficient,competent,expert,beginner,expert,proficient,5,Database E,Platform D,Platform B,Platform A,Platform A;Platform B;Platform C,Platform A;Platform B;Platform C,Platform A;Platform D;Platform C,mgeorges@privacy.gov.au
3/6/2020 9:16:25,jgeogheganv@barnesandnoble.com,China,Data Analyst,beginner,beginner,proficient,beginner,none,expert,expert,none,none,beginner,beginner,4,Database B;Database A;Database D,Platform C,Platform B,Platform B,Platform D,Platform B;Platform C,"Platform A;Platform D,Platform B",jgeogheganv@barnesandnoble.com
8/2/2020 0:54:10,gkenforthw@toplist.cz,United States,Data Scientist,beginner,expert,proficient,proficient,none,beginner,none,expert,competent,proficient,proficient,4,Database B,Platform B,Platform B,Platform A;Platform B,Platform A,Platform A,Platform D;Platform B,gkenforthw@toplist.cz
5/7/2020 4:26:30,djelly@xinhuanet.com,Colombia,Citizen Data Scientist,proficient,none,beginner,competent,competent,none,expert,beginner,none,expert,expert,4,Database C,Platform B,Platform A;Platform B;Platform C,Platform A;Platform C,Platform B,Platform B;Platform C,Platform A;Platform B;Platform C,djelly@xinhuanet.com
9/20/2020 8:50:39,amatts14@usda.gov,Russia,Data Engineer,beginner,beginner,competent,none,proficient,proficient,expert,beginner,competent,none,competent,3,Database D,Platform A,Platform A;Platform B,Platform C,Platform D;Platform C,Platform D;Platform B,Platform B,amatts14@usda.gov
8/7/2020 3:46:30,abiagioni19@ox.ac.uk,Poland,Data Engineer,proficient,expert,none,proficient,proficient,proficient,beginner,competent,competent,proficient,none,2,Database B,Platform C,Platform A;Platform B,Platform B,Platform D,Platform A,Platform D,abiagioni19@ox.ac.uk
8/4/2020 14:04:15,civerson1b@sfgate.com,China,Citizen Data Scientist,competent,expert,competent,expert,expert,beginner,competent,beginner,proficient,expert,competent,4,Database B;Database E,Platform A,Platform A,Platform A;Platform B;Platform C,Platform B,Platform B,Platform A,civerson1b@sfgate.com
2/15/2020 21:40:32,tmartinovsky1f@ucoz.com,Armenia,Data Analyst,proficient,none,proficient,competent,none,proficient,beginner,competent,none,expert,none,2,Database B;Database A;Database D,Platform A,Platform B,Platform A,Platform D;Platform B,Platform B,Platform B,tmartinovsky1f@ucoz.com
7/23/2020 16:38:31,bflaherty1o@marketwatch.com,Niger,Product/Project Manager,competent,expert,beginner,none,beginner,beginner,beginner,expert,beginner,beginner,none,1,Database B;Database A;Database D,Platform D,Platform B;Platform C,Platform B Platform C,Platform D;Platform C,Platform D;Platform C,Platform A,bflaherty1o@marketwatch.com
10/10/2020 14:23:21,fdebruijn1u@pinterest.com,France,Data Scientist,none,none,proficient,proficient,expert,expert,expert,beginner,beginner,beginner,proficient,4,Database B;Database A;Database D,Platform B,Platform B,Platform A;Platform B,Platform A,"Platform A;Platform D,Platform B",Platform D;Platform C,fdebruijn1u@pinterest.com
7/8/2020 0:44:58,lcarpe1x@marriott.com,Sri Lanka,Data Analyst,competent,proficient,proficient,expert,beginner,beginner,competent,proficient,proficient,beginner,proficient,2,Database C,Platform C,Platform A;Platform C,Platform A,Platform A,"Platform A;Platform D,Platform B",Platform A;Platform B;Platform C,lcarpe1x@marriott.com
3/5/2020 4:03:54,rcoarser1y@people.com.cn,Brazil,Data Analyst,expert,beginner,proficient,beginner,beginner,proficient,expert,proficient,none,expert,proficient,2,Database C,Platform C,Platform A;Platform B,Platform C,Platform B;Platform C,Platform D;Platform C,Platform B,rcoarser1y@people.com.cn
9/25/2020 21:19:38,gbeaglehole1z@geocities.jp,Philippines,Data Analyst,none,expert,none,beginner,none,proficient,proficient,expert,beginner,proficient,proficient,4,Database C,Platform C,Platform A;Platform B;Platform C,Platform B,"Platform A;Platform D,Platform B",Platform A;Platform B;Platform C,Platform B,gbeaglehole1z@geocities.jp
6/22/2020 19:34:26,rbetje26@cbslocal.com,Uruguay,Data Analyst,competent,beginner,competent,proficient,competent,expert,none,none,beginner,expert,beginner,5,Database B;Database A;Database D,Platform C,Platform A,Platform A;Platform B;Platform C,Platform D;Platform C,Platform A,Platform C,rbetje26@cbslocal.com
12/7/2020 17:14:02,mgerssam28@umn.edu,Greece,Data Analyst,expert,expert,none,beginner,proficient,none,none,competent,competent,competent,none,4,Database C,Platform A,Platform B;Platform C,Platform C,Platform A;Platform B;Platform C,Platform A;Platform B;Platform C,Platform D;Platform C,mgerssam28@umn.edu
8/28/2020 16:20:36,ebucklan2a@shop-pro.jp,Indonesia,Software Engineer,proficient,none,competent,proficient,proficient,proficient,competent,proficient,competent,expert,proficient,5,Database B;Database E,Platform A,Platform B,Platform A,Platform A;Platform D;Platform C,Platform C,Platform B,ebucklan2a@shop-pro.jp
1/28/2020 17:52:18,vcranidge2b@wunderground.com,Malaysia,Citizen Data Scientist,none,expert,expert,competent,competent,competent,beginner,expert,proficient,expert,proficient,4,Database B;Database A;Database D,Platform D,Platform A;Platform B;Platform C,Platform A;Platform B;Platform C,Platform C,Platform B,Platform A,vcranidge2b@wunderground.com
4/10/2020 10:37:33,ywrankling2f@jugem.jp,Italy,Data Scientist,beginner,beginner,none,expert,beginner,none,proficient,competent,beginner,expert,beginner,3,Database B;Database A;Database D,Platform D,Platform A;Platform B,Platform B Platform C,Platform B,Platform C,Platform D;Platform B,ywrankling2f@jugem.jp
2/3/2020 13:10:46,cpryor2g@mail.ru,Germany,Product/Project Manager,proficient,expert,competent,proficient,beginner,beginner,proficient,competent,beginner,expert,competent,3,Database C,Platform B,Platform B;Platform C,Platform A;Platform B;Platform C,Platform D,Platform A;Platform B;Platform C,Platform A;Platform B;Platform C,cpryor2g@mail.ru
5/4/2020 16:50:21,lthorald2i@china.com.cn,Indonesia,Product/Project Manager,competent,competent,none,competent,none,beginner,competent,beginner,proficient,beginner,expert,3,Database B,Platform C,Platform A;Platform B,Platform A;Platform B;Platform C,Platform C,Platform A;Platform B;Platform C,Platform A;Platform D;Platform C,lthorald2i@china.com.cn
9/27/2020 0:04:05,awoolacott2r@bluehost.com,Zimbabwe,Data Scientist,beginner,proficient,expert,proficient,proficient,beginner,expert,none,competent,proficient,none,2,Database E,Platform C,Platform A;Platform B;Platform C,Platform A;Platform B,Platform A;Platform D;Platform C,Platform A;Platform D;Platform C,"Platform A;Platform D,Platform B",awoolacott2r@bluehost.com
7/1/2020 13:26:17,rleacock2u@washingtonpost.com,Palestinian Territory,Software Engineer,proficient,none,competent,competent,competent,beginner,proficient,expert,competent,beginner,competent,1,Database B;Database A;Database D,Platform A,Platform C,Platform B Platform C,Platform D;Platform C,Platform D;Platform C,Platform D;Platform C,rleacock2u@washingtonpost.com
5/8/2020 16:41:30,efairbrother2y@printfriendly.com,Mongolia,Citizen Data Scientist,proficient,proficient,proficient,beginner,beginner,competent,none,expert,expert,expert,beginner,5,Database B;Database E,Platform D,Platform A;Platform B,Platform A;Platform B,Platform A;Platform D;Platform C,Platform D;Platform B,Platform A,efairbrother2y@printfriendly.com
4/14/2020 12:03:22,scobb2z@booking.com,Mexico,Data Scientist,proficient,expert,beginner,proficient,none,proficient,beginner,competent,expert,none,proficient,3,Database C,Platform D,Platform A,Platform A;Platform B,Platform A;Platform B;Platform C,Platform A;Platform D;Platform C,Platform A;Platform B;Platform C,scobb2z@booking.com
11/29/2020 22:49:28,gfrancklyn31@amazon.co.uk,Indonesia,Product/Project Manager,proficient,beginner,beginner,beginner,expert,proficient,none,beginner,competent,competent,beginner,1,Database C,Platform C,Platform A,Platform B Platform C,Platform B,"Platform A;Platform D,Platform B",Platform D;Platform B,gfrancklyn31@amazon.co.uk
8/10/2020 5:36:26,mshimon38@examiner.com,China,Software Engineer,beginner,expert,expert,none,proficient,competent,competent,competent,proficient,expert,expert,4,Database C,Platform C,Platform B;Platform C,Platform B,"Platform A;Platform D,Platform B",Platform A,Platform A,mshimon38@examiner.com
1/22/2020 19:19:07,lgaisford3j@cpanel.net,Russia,Software Engineer,beginner,expert,expert,beginner,competent,competent,proficient,beginner,expert,competent,competent,3,Database C,Platform B,Platform A,Platform C,Platform A,Platform A;Platform B;Platform C,Platform D,lgaisford3j@cpanel.net
8/18/2020 11:50:21,amalinowski3l@altervista.org,Brazil,Citizen Data Scientist,competent,beginner,expert,proficient,expert,expert,none,expert,proficient,expert,expert,3,Database C,Platform B,Platform B,Platform B,Platform C,Platform D;Platform B,Platform A,amalinowski3l@altervista.org
3/25/2020 23:10:05,zkluge3x@canalblog.com,Tajikistan,Data Engineer,proficient,none,expert,competent,expert,beginner,expert,proficient,none,competent,beginner,1,Database D,Platform B,Platform A;Platform C,Platform C,Platform B,Platform B,Platform A,zkluge3x@canalblog.com
4/17/2020 20:46:12,dlunge3y@bloglovin.com,Ukraine,Software Engineer,competent,none,proficient,competent,expert,expert,expert,proficient,beginner,beginner,none,2,Database B,Platform D,Platform B,Platform A;Platform B;Platform C,Platform D;Platform C,Platform A;Platform D;Platform C,Platform D;Platform B,dlunge3y@bloglovin.com
6/24/2020 0:34:25,bgilphillan42@hibu.com,Canada,Data Analyst,proficient,proficient,expert,none,proficient,none,expert,expert,proficient,competent,proficient,3,Database D,Platform C,Platform A;Platform C,Platform B Platform C,Platform D,Platform C,Platform A,bgilphillan42@hibu.com
5/21/2020 0:46:26,rmontier46@columbia.edu,Indonesia,Product/Project Manager,expert,competent,beginner,expert,proficient,proficient,none,proficient,expert,competent,competent,1,Database B,Platform A,Platform B,Platform A;Platform B,Platform B;Platform C,Platform A,Platform A;Platform D;Platform C,rmontier46@columbia.edu
4/6/2020 18:09:42,nmcfaul4c@economist.com,Vietnam,Data Engineer,proficient,expert,competent,competent,none,expert,beginner,beginner,beginner,proficient,proficient,2,Database B;Database A;Database D,Platform B,Platform A;Platform B,Platform C,"Platform A;Platform D,Platform B",Platform B;Platform C,Platform B;Platform C,nmcfaul4c@economist.com
6/18/2020 14:07:03,landrioletti4e@biglobe.ne.jp,France,Data Analyst,none,expert,competent,none,expert,none,beginner,beginner,proficient,competent,competent,5,Database C,Platform C,Platform A;Platform B,Platform C,Platform C,Platform C,Platform D;Platform C,landrioletti4e@biglobe.ne.jp
3/21/2020 6:23:30,sgallihaulk4g@vimeo.com,Indonesia,Citizen Data Scientist,expert,expert,competent,none,expert,expert,competent,proficient,beginner,beginner,expert,4,Database A,Platform B,Platform B;Platform C,Platform A;Platform B;Platform C,"Platform A;Platform D,Platform B",Platform D,Platform B,sgallihaulk4g@vimeo.com
4/12/2020 17:26:32,snaismith4m@jiathis.com,Canada,Software Engineer,competent,expert,proficient,proficient,beginner,proficient,competent,beginner,competent,none,competent,2,Database A,Platform B,Platform C,Platform A;Platform B,Platform B;Platform C,Platform B,Platform B;Platform C,snaismith4m@jiathis.com
3/27/2020 14:30:16,tsnoddy4p@yellowbook.com,South Africa,Software Engineer,competent,competent,beginner,competent,proficient,expert,proficient,beginner,expert,beginner,competent,1,Database A,Platform A,Platform A;Platform B,Platform B,Platform D;Platform B,"Platform A;Platform D,Platform B",Platform D;Platform B,tsnoddy4p@yellowbook.com
8/4/2020 18:14:47,cstrathe51@nydailynews.com,Vietnam,Data Scientist,beginner,competent,beginner,proficient,expert,expert,none,beginner,competent,expert,none,3,Database B;Database E,Platform D,Platform A,Platform A;Platform B,Platform D;Platform B,Platform B,Platform C,cstrathe51@nydailynews.com
1/25/2020 21:06:29,sgettens54@cbsnews.com,China,Data Analyst,proficient,expert,none,expert,proficient,none,expert,proficient,proficient,beginner,none,5,Database C,Platform A,Platform B;Platform C,Platform A;Platform B,Platform A;Platform D;Platform C,Platform D;Platform C,Platform B,sgettens54@cbsnews.com
3/26/2020 10:42:57,ctanguy57@a8.net,Tanzania,Data Analyst,proficient,proficient,expert,competent,proficient,proficient,expert,competent,proficient,proficient,none,4,Database A,Platform A,Platform A,Platform A;Platform C,"Platform A;Platform D,Platform B",Platform D,Platform C,ctanguy57@a8.net
5/29/2020 8:04:48,cbattrick5a@usda.gov,Czech Republic,Citizen Data Scientist,beginner,proficient,proficient,none,proficient,expert,beginner,expert,expert,none,none,1,Database C,Platform B,Platform B;Platform C,Platform A;Platform C,Platform C,Platform C,Platform C,cbattrick5a@usda.gov
10/26/2020 21:53:23,fbiddles5b@com.com,Afghanistan,Data Engineer,proficient,competent,none,proficient,none,expert,beginner,expert,competent,proficient,competent,3,Database B,Platform A,Platform A;Platform B;Platform C,Platform A;Platform B,Platform C,Platform A;Platform D;Platform C,Platform A;Platform D;Platform C,fbiddles5b@com.com
10/23/2020 9:19:44,mmilesop5d@4shared.com,Japan,Data Scientist,expert,none,proficient,beginner,competent,beginner,none,beginner,beginner,beginner,none,3,Database D,Platform C,Platform C,Platform C,Platform D,Platform D,Platform D;Platform C,mmilesop5d@4shared.com
6/5/2020 12:48:03,mocosgra5g@1und1.de,Russia,Citizen Data Scientist,proficient,proficient,none,beginner,beginner,proficient,none,proficient,none,expert,beginner,4,Database D,Platform C,Platform A;Platform C,Platform B,Platform A;Platform D;Platform C,Platform D;Platform C,Platform A,mocosgra5g@1und1.de
4/9/2020 17:48:50,rpayton5s@elegantthemes.com,United States,Software Engineer,none,proficient,competent,proficient,expert,proficient,competent,none,beginner,none,beginner,1,Database B;Database E,Platform C,Platform A;Platform C,Platform B Platform C,Platform A,"Platform A;Platform D,Platform B",Platform D;Platform C,rpayton5s@elegantthemes.com
6/17/2020 9:27:42,alicas5u@etsy.com,Indonesia,Citizen Data Scientist,expert,beginner,none,proficient,proficient,none,competent,proficient,competent,competent,none,3,Database D,Platform C,Platform B,Platform A;Platform B,Platform D;Platform B,Platform D;Platform B,Platform C,alicas5u@etsy.com
2/15/2020 15:19:22,dwisdom5w@51.la,Colombia,Product/Project Manager,beginner,competent,beginner,none,proficient,none,competent,beginner,competent,none,none,3,Database B,Platform C,Platform A;Platform C,Platform B,Platform D;Platform C,Platform B,Platform C,dwisdom5w@51.la
1/19/2020 3:15:27,kyerrington5x@nytimes.com,Sweden,Data Engineer,expert,expert,beginner,expert,none,beginner,expert,expert,competent,competent,proficient,4,Database C,Platform C,Platform C,Platform C,Platform A,Platform B;Platform C,Platform D,kyerrington5x@nytimes.com
11/27/2020 8:01:22,cjent61@sfgate.com,Philippines,Data Scientist,competent,beginner,beginner,competent,competent,beginner,expert,none,expert,none,none,3,Database A,Platform D,Platform B,Platform C,Platform A;Platform D;Platform C,"Platform A;Platform D,Platform B","Platform A;Platform D,Platform B",cjent61@sfgate.com
11/16/2020 22:00:34,qpulham62@un.org,China,Data Analyst,beginner,competent,expert,beginner,proficient,competent,competent,beginner,proficient,competent,none,2,Database E,Platform B,Platform A,Platform B Platform C,Platform D,Platform B,Platform A;Platform B;Platform C,qpulham62@un.org
8/22/2020 10:23:29,lwebbe65@tripadvisor.com,Indonesia,Citizen Data Scientist,expert,expert,beginner,competent,expert,proficient,proficient,competent,competent,beginner,expert,3,Database C,Platform B,Platform A,Platform C,Platform A;Platform D;Platform C,Platform D;Platform B,Platform C,lwebbe65@tripadvisor.com
11/22/2020 16:37:32,cyule66@samsung.com,France,Data Analyst,none,none,proficient,none,expert,competent,proficient,none,expert,none,expert,3,Database A,Platform A,Platform A;Platform C,Platform A,Platform A;Platform D;Platform C,Platform D,Platform B;Platform C,cyule66@samsung.com
10/18/2020 23:09:20,anappin6k@comsenz.com,Mexico,Data Analyst,expert,none,competent,competent,beginner,expert,proficient,none,beginner,expert,competent,1,Database B,Platform B,Platform C,Platform A;Platform B;Platform C,Platform B;Platform C,Platform A;Platform B;Platform C,Platform A;Platform B;Platform C,anappin6k@comsenz.com
7/2/2020 10:37:26,sroyan6s@alexa.com,Togo,Data Analyst,proficient,none,expert,none,competent,none,proficient,beginner,proficient,expert,expert,2,Database B;Database A;Database D,Platform C,Platform C,Platform A;Platform B,Platform B,Platform D;Platform C,Platform D;Platform C,sroyan6s@alexa.com
4/3/2020 20:25:43,mgiraudy6t@globo.com,Nepal,Product/Project Manager,beginner,proficient,beginner,proficient,proficient,none,expert,proficient,expert,expert,competent,4,Database E,Platform D,Platform A,Platform A;Platform B,Platform B;Platform C,Platform D,Platform A;Platform B;Platform C,mgiraudy6t@globo.com
11/26/2020 22:02:33,oort6x@tamu.edu,Indonesia,Data Analyst,expert,beginner,proficient,competent,competent,none,beginner,none,none,expert,expert,5,Database B,Platform C,Platform A;Platform C,Platform A;Platform B,Platform A;Platform B;Platform C,Platform B;Platform C,Platform A;Platform D;Platform C,oort6x@tamu.edu
7/23/2020 21:21:22,bfitchen6y@github.io,Zimbabwe,Data Analyst,competent,expert,expert,none,expert,beginner,proficient,beginner,none,none,proficient,3,Database B;Database E,Platform B,Platform B,Platform A;Platform C,"Platform A;Platform D,Platform B",Platform A,Platform B,bfitchen6y@github.io
9/4/2020 21:17:04,dbarnsdale71@e-recht24.de,French Polynesia,Software Engineer,proficient,beginner,competent,beginner,beginner,proficient,none,expert,proficient,proficient,beginner,5,Database B,Platform B,Platform A;Platform C,Platform A;Platform C,Platform C,Platform D,Platform A;Platform D;Platform C,dbarnsdale71@e-recht24.de
7/18/2020 17:34:22,lshilstone74@cmu.edu,China,Data Analyst,competent,expert,none,beginner,beginner,expert,proficient,proficient,none,competent,competent,1,Database C,Platform C,Platform A,Platform A,Platform B;Platform C,"Platform A;Platform D,Platform B",Platform D;Platform C,lshilstone74@cmu.edu
5/9/2020 14:59:33,ebalderson7a@dion.ne.jp,France,Data Analyst,expert,expert,beginner,beginner,expert,expert,expert,beginner,beginner,expert,none,2,Database B,Platform A,Platform A;Platform C,Platform A;Platform B,Platform D;Platform B,Platform D;Platform B,"Platform A;Platform D,Platform B",ebalderson7a@dion.ne.jp
3/27/2020 6:30:38,sroscamps7c@marketwatch.com,China,Data Analyst,proficient,none,expert,beginner,proficient,beginner,expert,expert,expert,none,proficient,5,Database B;Database E,Platform C,Platform B,Platform A;Platform B,"Platform A;Platform D,Platform B","Platform A;Platform D,Platform B",Platform B,sroscamps7c@marketwatch.com
1/25/2020 18:02:47,epecey7d@reference.com,Kosovo,Data Engineer,expert,none,expert,expert,competent,competent,none,expert,proficient,expert,beginner,1,Database B,Platform A,Platform B;Platform C,Platform C,Platform A;Platform D;Platform C,Platform C,Platform D,epecey7d@reference.com
4/15/2020 3:14:18,dferries7m@hatena.ne.jp,Canada,Data Analyst,competent,beginner,expert,beginner,competent,beginner,beginner,expert,beginner,beginner,competent,5,Database B,Platform D,Platform A;Platform B,Platform A,Platform B;Platform C,Platform D;Platform B,Platform C,dferries7m@hatena.ne.jp
1/17/2020 15:59:39,lchupin7o@sbwire.com,Tajikistan,Product/Project Manager,competent,expert,proficient,none,proficient,beginner,proficient,none,competent,beginner,beginner,1,Database A,Platform B,Platform A,Platform A;Platform B;Platform C,"Platform A;Platform D,Platform B",Platform A;Platform D;Platform C,Platform B,lchupin7o@sbwire.com
6/12/2020 6:27:09,jhollingsbee7r@walmart.com,Russia,Data Engineer,expert,none,expert,proficient,beginner,beginner,beginner,none,proficient,expert,beginner,1,Database B,Platform A,Platform C,Platform A,Platform A;Platform B;Platform C,"Platform A;Platform D,Platform B",Platform D;Platform B,jhollingsbee7r@walmart.com
10/30/2020 11:04:08,fswannack7x@people.com.cn,Philippines,Product/Project Manager,expert,competent,none,expert,proficient,expert,expert,beginner,expert,proficient,expert,3,Database B;Database E,Platform C,Platform A;Platform C,Platform A,Platform D,Platform A;Platform B;Platform C,Platform B;Platform C,fswannack7x@people.com.cn
2/28/2020 21:36:33,ufaire7z@dell.com,Indonesia,Software Engineer,none,beginner,proficient,competent,proficient,none,beginner,none,beginner,beginner,expert,4,Database B;Database A;Database D,Platform B,Platform C,Platform C,Platform A;Platform D;Platform C,"Platform A;Platform D,Platform B",Platform A,ufaire7z@dell.com
4/19/2020 13:33:15,jveelers81@tripadvisor.com,Thailand,Citizen Data Scientist,proficient,none,competent,proficient,competent,proficient,competent,beginner,competent,competent,proficient,5,Database D,Platform C,Platform B,Platform A,Platform A;Platform D;Platform C,Platform B,"Platform A;Platform D,Platform B",jveelers81@tripadvisor.com
8/16/2020 7:14:16,soscanlan8d@seesaa.net,France,Citizen Data Scientist,proficient,none,expert,expert,none,expert,competent,beginner,none,competent,beginner,3,Database E,Platform B,Platform A;Platform C,Platform A,Platform D,Platform B;Platform C,Platform C,soscanlan8d@seesaa.net
10/17/2020 18:54:52,mharlow8r@wired.com,Sweden,Data Engineer,none,beginner,none,competent,beginner,competent,beginner,proficient,proficient,competent,competent,3,Database A,Platform B,Platform A;Platform C,Platform B,Platform B;Platform C,Platform C,Platform C,mharlow8r@wired.com
5/23/2020 16:32:15,myushin8w@usa.gov,Portugal,Data Engineer,expert,proficient,beginner,proficient,beginner,beginner,competent,expert,proficient,expert,expert,1,Database C,Platform C,Platform A,Platform B Platform C,Platform D;Platform C,Platform C,Platform B;Platform C,myushin8w@usa.gov
8/24/2020 22:53:15,sstinson8z@hc360.com,Malaysia,Data Engineer,beginner,beginner,expert,beginner,proficient,beginner,beginner,expert,beginner,proficient,none,5,Database C,Platform A,Platform A;Platform B;Platform C,Platform B,Platform A,Platform B;Platform C,Platform D,sstinson8z@hc360.com
11/11/2020 12:28:33,adowzell96@google.ca,Argentina,Citizen Data Scientist,proficient,none,proficient,beginner,beginner,none,competent,competent,none,none,beginner,4,Database C,Platform A,Platform A;Platform B;Platform C,Platform A;Platform B,"Platform A;Platform D,Platform B",Platform A;Platform B;Platform C,Platform B,adowzell96@google.ca
5/26/2020 7:25:53,hcadell9e@linkedin.com,Portugal,Citizen Data Scientist,expert,beginner,competent,competent,none,proficient,competent,proficient,proficient,beginner,none,4,Database A,Platform B,Platform A,Platform A,Platform A;Platform B;Platform C,Platform D;Platform B,Platform D,hcadell9e@linkedin.com
8/4/2020 23:05:12,rbenettini9h@163.com,China,Data Engineer,beginner,none,expert,none,none,none,proficient,proficient,proficient,competent,expert,2,Database C,Platform D,Platform C,Platform B,Platform C,Platform C,Platform C,rbenettini9h@163.com
8/1/2020 14:04:54,apiaggia9j@deliciousdays.com,Colombia,Data Analyst,expert,proficient,proficient,none,proficient,proficient,competent,none,beginner,expert,competent,2,Database C,Platform B,Platform A;Platform B,Platform A;Platform B;Platform C,Platform B;Platform C,Platform A;Platform D;Platform C,Platform B,apiaggia9j@deliciousdays.com
8/4/2020 18:02:55,idelafoy9w@mapy.cz,United States,Citizen Data Scientist,none,proficient,competent,none,beginner,competent,proficient,proficient,none,none,none,5,Database C,Platform C,Platform A;Platform C,Platform B Platform C,Platform A;Platform D;Platform C,Platform A,Platform D,idelafoy9w@mapy.cz
2/16/2020 2:21:15,cclowsley9x@wikia.com,Indonesia,Data Scientist,none,expert,competent,competent,none,beginner,competent,expert,proficient,competent,competent,2,Database E,Platform A,Platform C,Platform B,Platform D,"Platform A;Platform D,Platform B",Platform B,cclowsley9x@wikia.com
1/16/2020 12:06:16,fbowgen9z@kickstarter.com,Nigeria,Citizen Data Scientist,beginner,proficient,competent,expert,expert,none,proficient,competent,expert,competent,beginner,2,Database C,Platform B,Platform A,Platform B Platform C,Platform D,Platform A;Platform D;Platform C,Platform A;Platform D;Platform C,fbowgen9z@kickstarter.com
3/8/2020 8:30:04,fglazyera4@dyndns.org,Indonesia,Data Scientist,beginner,none,competent,beginner,none,proficient,proficient,none,beginner,competent,beginner,5,Database D,Platform B,Platform A;Platform B;Platform C,Platform B Platform C,Platform C,Platform B;Platform C,Platform A;Platform D;Platform C,fglazyera4@dyndns.org
11/23/2020 2:59:08,pdulingad@blogspot.com,China,Data Analyst,none,beginner,proficient,expert,competent,competent,expert,proficient,competent,none,none,1,Database D,Platform B,Platform B;Platform C,Platform C,Platform B;Platform C,Platform D;Platform C,Platform C,pdulingad@blogspot.com
7/11/2020 0:36:00,cdowberak@gnu.org,Tunisia,Data Engineer,none,none,competent,beginner,competent,expert,proficient,proficient,expert,expert,proficient,5,Database B;Database E,Platform D,Platform B,Platform A;Platform B;Platform C,Platform D,Platform D;Platform C,Platform C,cdowberak@gnu.org
6/9/2020 4:15:39,ltottmanal@xing.com,Poland,Data Scientist,proficient,proficient,competent,none,competent,none,proficient,proficient,proficient,beginner,competent,1,Database B;Database E,Platform C,Platform B;Platform C,Platform B,Platform D;Platform B,Platform B;Platform C,Platform D;Platform C,ltottmanal@xing.com
6/4/2020 18:12:55,xbenadetteat@cyberchimps.com,Finland,Data Analyst,none,competent,beginner,beginner,competent,competent,proficient,none,competent,proficient,beginner,2,Database C,Platform D,Platform B;Platform C,Platform A;Platform B;Platform C,Platform A;Platform D;Platform C,Platform D,Platform B,xbenadetteat@cyberchimps.com
8/13/2020 11:21:08,bbehningau@geocities.com,Indonesia,Citizen Data Scientist,none,beginner,none,proficient,none,expert,competent,beginner,beginner,competent,expert,3,Database C,Platform A,Platform A,Platform A,Platform A;Platform B;Platform C,Platform A;Platform B;Platform C,Platform D,bbehningau@geocities.com
2/22/2020 19:54:21,ccruttendenaz@sciencedaily.com,Indonesia,Citizen Data Scientist,beginner,competent,beginner,proficient,competent,beginner,expert,expert,competent,proficient,proficient,5,Database C,Platform C,Platform C,Platform B,Platform A,Platform A;Platform D;Platform C,Platform A,ccruttendenaz@sciencedaily.com
11/14/2020 2:41:17,hmansfordb3@themeforest.net,China,Data Analyst,competent,proficient,none,expert,proficient,competent,none,proficient,none,expert,proficient,4,Database E,Platform A,Platform C,Platform B Platform C,Platform B,Platform A,Platform D;Platform B,hmansfordb3@themeforest.net
5/1/2020 13:07:29,ghawleyb5@slideshare.net,Mexico,Data Analyst,expert,expert,proficient,proficient,competent,competent,proficient,expert,none,competent,expert,5,Database B;Database E,Platform B,Platform A,Platform B Platform C,Platform B,Platform B,Platform A,ghawleyb5@slideshare.net
7/9/2020 10:05:10,rknightlyb6@discuz.net,Sweden,Software Engineer,competent,beginner,proficient,none,beginner,expert,competent,proficient,none,none,beginner,1,Database B;Database A;Database D,Platform C,Platform A;Platform B,Platform B,Platform A,Platform A,Platform D,rknightlyb6@discuz.net
1/19/2020 10:21:49,bmumbybd@clickbank.net,Laos,Data Analyst,competent,competent,expert,none,competent,proficient,expert,proficient,beginner,beginner,none,5,Database B;Database E,Platform D,Platform A;Platform B,Platform B,Platform A,Platform D,Platform A,bmumbybd@clickbank.net
12/1/2020 3:49:40,tstephensbi@google.nl,Argentina,Data Analyst,expert,proficient,competent,proficient,expert,expert,competent,beginner,beginner,none,proficient,4,Database C,Platform A,Platform A;Platform B;Platform C,Platform C,Platform D;Platform C,Platform B;Platform C,Platform A;Platform D;Platform C,tstephensbi@google.nl
5/26/2020 9:12:26,jgravenerbk@buzzfeed.com,China,Data Engineer,proficient,competent,competent,beginner,none,expert,beginner,beginner,competent,expert,beginner,3,Database A,Platform D,Platform C,Platform C,Platform A,Platform D;Platform B,Platform C,jgravenerbk@buzzfeed.com
9/11/2020 8:47:32,hteidemanbt@psu.edu,China,Citizen Data Scientist,competent,competent,expert,proficient,beginner,none,expert,beginner,beginner,competent,expert,3,Database B;Database A;Database D,Platform B,Platform C,Platform C,Platform C,Platform D,Platform A,hteidemanbt@psu.edu
1/17/2020 5:02:56,msaiensbw@blogger.com,Peru,Software Engineer,beginner,proficient,beginner,none,proficient,none,expert,competent,expert,none,none,4,Database B,Platform C,Platform A;Platform B;Platform C,Platform B,Platform D,Platform B;Platform C,"Platform A;Platform D,Platform B",msaiensbw@blogger.com
11/13/2020 15:09:42,cluceyc4@over-blog.com,Jamaica,Data Engineer,beginner,proficient,competent,proficient,none,none,none,beginner,competent,beginner,beginner,1,Database B;Database A;Database D,Platform A,Platform B,Platform A;Platform B,Platform C,Platform A,Platform A;Platform D;Platform C,cluceyc4@over-blog.com
7/30/2020 4:00:38,fsprottc7@ifeng.com,Honduras,Citizen Data Scientist,proficient,competent,expert,proficient,none,beginner,expert,competent,beginner,none,none,1,Database E,Platform B,Platform A;Platform C,Platform B Platform C,Platform A,Platform A;Platform B;Platform C,Platform B,fsprottc7@ifeng.com
7/15/2020 6:35:29,ederingtoncd@taobao.com,Honduras,Citizen Data Scientist,none,proficient,proficient,expert,none,none,competent,expert,competent,beginner,proficient,5,Database C,Platform C,Platform B,Platform A,Platform B;Platform C,Platform D;Platform C,Platform D;Platform B,ederingtoncd@taobao.com
4/7/2020 0:10:24,claterzack@1und1.de,Russia,Data Analyst,expert,competent,proficient,expert,proficient,none,none,competent,competent,competent,beginner,5,Database C,Platform B,Platform A;Platform C,Platform B,Platform D;Platform C,Platform A;Platform B;Platform C,Platform D,claterzack@1und1.de
11/15/2020 19:47:29,bquilliamcm@huffingtonpost.com,Russia,Data Scientist,competent,none,proficient,beginner,expert,beginner,competent,none,beginner,beginner,competent,1,Database E,Platform A,Platform A;Platform C,Platform B,Platform B;Platform C,Platform D;Platform B,Platform B;Platform C,bquilliamcm@huffingtonpost.com
10/28/2020 4:38:12,elinnittcn@cocolog-nifty.com,Netherlands,Software Engineer,competent,expert,expert,none,expert,competent,none,expert,expert,competent,expert,5,Database B;Database A;Database D,Platform C,Platform A;Platform B,Platform A;Platform B;Platform C,Platform A,Platform D;Platform B,Platform B;Platform C,elinnittcn@cocolog-nifty.com
8/19/2020 16:57:39,lkuliscv@elegantthemes.com,Burkina Faso,Data Scientist,proficient,competent,proficient,proficient,none,beginner,competent,none,expert,competent,beginner,2,Database C,Platform C,Platform A;Platform C,Platform A,Platform C,Platform B;Platform C,Platform B;Platform C,lkuliscv@elegantthemes.com
12/3/2020 4:08:11,lbenwellcw@statcounter.com,Sweden,Data Engineer,,proficient,expert,,expert,proficient,competent,beginner,,proficient,proficient,,Database C,Platform B,Platform A;Platform C,,Platform A,,Platform A;Platform B;Platform C,lbenwellcw@statcounter.com
7/7/2020 0:36:47,rcatterilld1@plala.or.jp,Indonesia,Data Scientist,expert,competent,competent,competent,expert,beginner,competent,proficient,none,proficient,beginner,2,Database E,Platform B,Platform B;Platform C,Platform A;Platform B;Platform C,Platform D;Platform B,Platform A;Platform B;Platform C,Platform D;Platform B,rcatterilld1@plala.or.jp
7/12/2020 17:03:25,ksafhilldh@loc.gov,China,Data Analyst,expert,beginner,expert,competent,beginner,none,expert,competent,proficient,expert,competent,5,Database C,Platform A,Platform A;Platform C,Platform C,Platform D;Platform B,Platform C,Platform D;Platform C,ksafhilldh@loc.gov
9/24/2020 4:25:47,kmatiewedj@furl.net,France,Product/Project Manager,none,none,none,beginner,beginner,proficient,proficient,expert,beginner,beginner,expert,1,Database C,Platform B,Platform A,Platform A;Platform B,Platform D,Platform D;Platform B,Platform C,kmatiewedj@furl.net
6/20/2020 17:18:20,creidiedt@phoca.cz,Portugal,Data Analyst,none,competent,competent,none,expert,beginner,none,competent,none,competent,proficient,2,Database B,Platform A,Platform A;Platform B;Platform C,Platform A;Platform C,Platform A;Platform B;Platform C,Platform D,Platform D;Platform B,creidiedt@phoca.cz
2/20/2020 21:09:15,tsalatinodz@acquirethisname.com,Philippines,Citizen Data Scientist,none,expert,competent,expert,proficient,expert,proficient,expert,beginner,none,none,2,Database A,Platform A,Platform A;Platform B;Platform C,Platform B,"Platform A;Platform D,Platform B",Platform D,Platform D,tsalatinodz@acquirethisname.com
11/26/2020 4:55:43,cmandrakee1@ihg.com,Poland,Data Engineer,none,proficient,competent,expert,none,none,competent,competent,competent,proficient,none,1,Database C,Platform A,Platform A,Platform A;Platform C,Platform A;Platform D;Platform C,Platform D;Platform B,Platform D;Platform C,cmandrakee1@ihg.com
3/7/2020 12:59:25,ebignalle5@instagram.com,Philippines,Software Engineer,none,beginner,expert,proficient,proficient,expert,expert,competent,none,beginner,beginner,2,Database E,Platform D,Platform A;Platform B,Platform A;Platform C,Platform D;Platform B,Platform B;Platform C,Platform C,ebignalle5@instagram.com
5/5/2020 5:40:25,dhaskette9@narod.ru,France,Data Engineer,none,beginner,none,none,competent,beginner,competent,beginner,competent,expert,none,4,Database B,Platform A,Platform A;Platform B,Platform B Platform C,Platform B,Platform A;Platform B;Platform C,Platform C,dhaskette9@narod.ru
12/4/2020 8:56:37,nrobetea@mayoclinic.com,China,Data Scientist,proficient,beginner,beginner,expert,competent,competent,expert,proficient,competent,competent,beginner,2,Database B;Database E,Platform D,Platform B,Platform A,Platform C,"Platform A;Platform D,Platform B",Platform D;Platform C,nrobetea@mayoclinic.com
1/28/2020 22:01:25,kcollymoreec@economist.com,Madagascar,Data Analyst,competent,expert,expert,proficient,beginner,expert,competent,proficient,proficient,expert,competent,1,Database B;Database A;Database D,Platform D,Platform A,Platform A;Platform B,Platform C,Platform A;Platform B;Platform C,Platform A,kcollymoreec@economist.com
11/16/2020 4:59:55,rrickellek@behance.net,Russia,Data Scientist,expert,beginner,competent,none,competent,expert,proficient,beginner,proficient,competent,competent,3,Database B;Database E,Platform B,Platform A;Platform B;Platform C,Platform B Platform C,Platform B;Platform C,"Platform A;Platform D,Platform B",Platform C,rrickellek@behance.net
2/28/2020 1:02:22,cwillattseo@i2i.jp,Brazil,Data Engineer,expert,none,none,none,beginner,expert,none,competent,proficient,expert,proficient,1,Database E,Platform C,Platform B;Platform C,Platform A;Platform B,Platform D;Platform B,Platform A;Platform B;Platform C,Platform B;Platform C,cwillattseo@i2i.jp
12/6/2020 11:28:25,theeleyev@discovery.com,Indonesia,Data Scientist,competent,beginner,expert,expert,proficient,proficient,none,expert,expert,none,none,3,Database A,Platform A,Platform B;Platform C,Platform C,Platform D;Platform B,Platform D;Platform C,Platform A,theeleyev@discovery.com
4/9/2020 17:21:13,cnickersonew@tinyurl.com,Philippines,Data Scientist,proficient,proficient,expert,competent,expert,competent,expert,expert,none,competent,expert,4,Database B;Database A;Database D,Platform C,Platform C,Platform C,Platform C,Platform B,Platform A;Platform B;Platform C,cnickersonew@tinyurl.com
12/8/2020 15:26:46,ephilpottf8@wufoo.com,Portugal,Product/Project Manager,beginner,proficient,none,none,beginner,expert,expert,proficient,beginner,none,expert,2,Database B,Platform C,Platform A;Platform C,Platform A;Platform B;Platform C,Platform D;Platform C,Platform A;Platform B;Platform C,Platform B,ephilpottf8@wufoo.com
8/31/2020 20:15:24,pthompsonfd@360.cn,Vietnam,Product/Project Manager,proficient,competent,expert,expert,proficient,none,none,expert,expert,none,expert,2,Database B,Platform A,Platform A,Platform A;Platform B;Platform C,Platform D,Platform C,Platform C,pthompsonfd@360.cn
4/10/2020 5:34:19,lbrunonfn@reuters.com,Democratic Republic of the Congo,Citizen Data Scientist,competent,none,proficient,beginner,none,none,competent,proficient,expert,beginner,beginner,2,Database C,Platform D,Platform C,Platform B Platform C,Platform C,Platform A,Platform A;Platform B;Platform C,lbrunonfn@reuters.com
2/12/2020 17:26:52,tmacmorlandfo@seesaa.net,Bahamas,Software Engineer,none,beginner,expert,none,expert,proficient,expert,proficient,beginner,expert,competent,2,Database B,Platform B,Platform A;Platform B,Platform B Platform C,Platform B;Platform C,"Platform A;Platform D,Platform B",Platform A;Platform B;Platform C,tmacmorlandfo@seesaa.net
11/4/2020 10:00:05,cseerfv@fc2.com,Vietnam,Data Engineer,proficient,competent,proficient,proficient,proficient,proficient,beginner,beginner,proficient,expert,competent,2,Database C,Platform D,Platform A;Platform B,Platform A;Platform B;Platform C,Platform C,Platform D;Platform C,Platform B;Platform C,cseerfv@fc2.com
7/8/2020 20:33:45,egawneg3@spotify.com,Indonesia,Citizen Data Scientist,none,proficient,expert,expert,competent,expert,proficient,proficient,expert,beginner,beginner,4,Database A,Platform D,Platform A;Platform B;Platform C,Platform A;Platform B,Platform A;Platform B;Platform C,Platform B,Platform B;Platform C,egawneg3@spotify.com
2/16/2020 16:17:44,dbanaszczykgb@linkedin.com,Greece,Data Analyst,beginner,beginner,expert,competent,proficient,competent,expert,none,competent,expert,expert,4,Database B;Database E,Platform D,Platform A;Platform B;Platform C,Platform A,"Platform A;Platform D,Platform B","Platform A;Platform D,Platform B",Platform A;Platform B;Platform C,dbanaszczykgb@linkedin.com
5/9/2020 16:58:38,hperillioge@imdb.com,China,Software Engineer,beginner,proficient,beginner,beginner,expert,expert,beginner,beginner,expert,competent,proficient,1,Database B;Database E,Platform D,Platform A;Platform B;Platform C,Platform A;Platform B,Platform D;Platform C,Platform A,Platform A;Platform D;Platform C,hperillioge@imdb.com
9/22/2020 14:21:31,wbidmeadgf@jalbum.net,Chile,Data Engineer,none,competent,none,none,expert,beginner,proficient,beginner,expert,proficient,proficient,2,Database C,Platform A,Platform A;Platform B,Platform C,Platform D;Platform B,Platform B;Platform C,Platform B,wbidmeadgf@jalbum.net
8/20/2020 23:43:37,sconleygj@unc.edu,China,Data Analyst,none,beginner,beginner,beginner,competent,beginner,expert,proficient,expert,competent,proficient,5,Database A,Platform D,Platform B,Platform A;Platform B,Platform C,Platform C,Platform C,sconleygj@unc.edu
1/23/2020 9:45:35,eportsmouthgk@360.cn,Canada,Data Analyst,proficient,expert,competent,proficient,proficient,competent,none,proficient,competent,none,expert,3,Database C,Platform D,Platform A;Platform C,Platform B Platform C,Platform D;Platform C,Platform D,"Platform A;Platform D,Platform B",eportsmouthgk@360.cn
3/9/2020 12:06:24,srosenthalergx@java.com,Ethiopia,Citizen Data Scientist,beginner,none,beginner,expert,none,expert,beginner,competent,competent,expert,none,1,Database D,Platform A,Platform C,Platform A,Platform B;Platform C,Platform C,Platform A;Platform D;Platform C,srosenthalergx@java.com
6/7/2020 9:07:10,jreynoldsh6@163.com,China,Data Scientist,beginner,expert,expert,proficient,proficient,none,proficient,competent,expert,beginner,beginner,4,Database D,Platform B,Platform A;Platform B;Platform C,Platform A;Platform B,Platform D;Platform B,"Platform A;Platform D,Platform B",Platform D;Platform B,jreynoldsh6@163.com
7/19/2020 20:16:27,sgluyush7@yellowpages.com,China,Data Analyst,proficient,none,proficient,proficient,none,proficient,proficient,competent,proficient,proficient,competent,1,Database C,Platform D,Platform B;Platform C,Platform C,Platform D;Platform C,Platform B,Platform A;Platform B;Platform C,sgluyush7@yellowpages.com
11/26/2020 16:53:38,npoolehe@ucsd.edu,Czech Republic,Data Analyst,competent,beginner,none,competent,beginner,proficient,beginner,competent,beginner,expert,competent,1,Database D,Platform C,Platform B;Platform C,Platform C,"Platform A;Platform D,Platform B",Platform B,Platform D,npoolehe@ucsd.edu
4/20/2020 12:54:50,warguilehg@buzzfeed.com,United States,Product/Project Manager,none,none,competent,expert,competent,expert,competent,competent,expert,competent,competent,4,Database C,Platform B,Platform A;Platform C,Platform B,Platform C,Platform D;Platform C,Platform A,warguilehg@buzzfeed.com
6/8/2020 17:42:50,jranyardhm@furl.net,Portugal,Product/Project Manager,beginner,competent,beginner,none,none,competent,competent,competent,expert,expert,proficient,3,Database C,Platform D,Platform A;Platform B,Platform B,Platform B;Platform C,Platform A;Platform D;Platform C,Platform A;Platform D;Platform C,jranyardhm@furl.net
8/23/2020 4:15:50,gkleanthousho@mediafire.com,Uzbekistan,Data Engineer,expert,competent,expert,none,expert,none,expert,none,beginner,beginner,expert,5,Database E,Platform A,Platform C,Platform A,Platform D;Platform B,Platform B,Platform D;Platform B,gkleanthousho@mediafire.com
9/4/2020 10:46:38,aaldgatehs@weebly.com,Sri Lanka,Citizen Data Scientist,none,proficient,competent,proficient,none,competent,beginner,none,proficient,beginner,proficient,5,Database C,Platform B,Platform C,Platform B,"Platform A;Platform D,Platform B","Platform A;Platform D,Platform B",Platform C,aaldgatehs@weebly.com
7/30/2020 18:06:54,mledbetterht@hp.com,Greece,Data Analyst,competent,competent,competent,competent,none,proficient,expert,proficient,none,beginner,proficient,1,Database B;Database E,Platform B,Platform B;Platform C,Platform B,Platform D;Platform C,"Platform A;Platform D,Platform B",Platform B,mledbetterht@hp.com
7/3/2020 21:04:32,tplaylehw@mail.ru,Poland,Product/Project Manager,none,none,expert,competent,competent,none,beginner,expert,proficient,proficient,competent,2,Database A,Platform C,Platform B,Platform A,Platform D;Platform B,"Platform A;Platform D,Platform B",Platform B,tplaylehw@mail.ru
8/28/2020 2:54:18,pkoenraadi1@va.gov,Sweden,Data Scientist,beginner,expert,competent,proficient,expert,proficient,competent,expert,proficient,competent,beginner,2,Database E,Platform C,Platform A,Platform A;Platform B,"Platform A;Platform D,Platform B",Platform A;Platform D;Platform C,Platform D;Platform B,pkoenraadi1@va.gov
9/16/2020 8:43:55,kparmeteri4@reference.com,China,Data Analyst,proficient,none,proficient,proficient,beginner,beginner,beginner,none,proficient,beginner,beginner,5,Database B;Database E,Platform B,Platform A;Platform B,Platform B Platform C,Platform A;Platform B;Platform C,Platform A,Platform D,kparmeteri4@reference.com
8/9/2020 22:16:08,eeveleighi8@booking.com,Syria,Data Engineer,beginner,competent,proficient,none,none,expert,none,competent,proficient,beginner,none,5,Database D,Platform A,Platform A;Platform B;Platform C,Platform B,Platform A;Platform B;Platform C,Platform D;Platform B,Platform C,eeveleighi8@booking.com
6/30/2020 23:43:32,ssmoughtonib@last.fm,Indonesia,Software Engineer,none,proficient,competent,competent,competent,expert,competent,none,none,proficient,none,5,Database D,Platform A,Platform A;Platform B;Platform C,Platform A;Platform B,Platform A;Platform D;Platform C,Platform D;Platform C,Platform D,ssmoughtonib@last.fm
8/27/2020 19:40:55,lfriie@nydailynews.com,China,Citizen Data Scientist,competent,expert,none,none,proficient,proficient,beginner,expert,competent,competent,expert,5,Database B;Database A;Database D,Platform C,Platform B,Platform B Platform C,Platform D,Platform B;Platform C,Platform A;Platform B;Platform C,lfriie@nydailynews.com
10/27/2020 22:44:00,swattonig@merriam-webster.com,China,Product/Project Manager,none,beginner,none,competent,none,expert,expert,none,proficient,expert,none,3,Database A,Platform C,Platform A;Platform C,Platform B,Platform A;Platform B;Platform C,Platform A;Platform B;Platform C,Platform A,swattonig@merriam-webster.com
10/30/2020 15:19:24,lraspisonih@desdev.cn,Peru,Data Engineer,competent,competent,competent,competent,beginner,expert,competent,beginner,expert,expert,beginner,1,Database E,Platform D,Platform B;Platform C,Platform A,Platform D,Platform D;Platform B,Platform D;Platform C,lraspisonih@desdev.cn
6/15/2020 12:56:29,csharplinim@de.vu,Venezuela,Data Engineer,expert,beginner,expert,none,beginner,proficient,none,none,none,beginner,none,1,Database E,Platform A,Platform A,Platform A,Platform D;Platform B,"Platform A;Platform D,Platform B",Platform B;Platform C,csharplinim@de.vu
3/4/2020 17:35:46,mfleetin@trellian.com,Uruguay,Citizen Data Scientist,none,competent,proficient,expert,proficient,none,proficient,beginner,none,expert,proficient,5,Database E,Platform D,Platform A;Platform B,Platform A;Platform B,Platform B,Platform C,Platform A;Platform B;Platform C,mfleetin@trellian.com
11/27/2020 10:02:32,jronchettiiz@zimbio.com,Poland,Data Engineer,beginner,proficient,proficient,expert,expert,none,competent,expert,competent,competent,expert,1,Database B;Database E,Platform B,Platform B;Platform C,Platform A;Platform B,Platform B;Platform C,Platform D;Platform C,Platform A,jronchettiiz@zimbio.com
11/20/2020 10:36:23,fbellordj3@ameblo.jp,China,Data Engineer,beginner,proficient,beginner,expert,proficient,beginner,competent,none,none,none,expert,2,Database B,Platform C,Platform A,Platform B Platform C,Platform A,Platform D;Platform C,Platform B,fbellordj3@ameblo.jp
3/13/2020 0:09:03,nmacdonaghj4@webeden.co.uk,Indonesia,Data Analyst,none,none,beginner,competent,expert,competent,beginner,proficient,competent,competent,beginner,3,Database E,Platform B,Platform C,Platform C,Platform B;Platform C,Platform A,"Platform A;Platform D,Platform B",nmacdonaghj4@webeden.co.uk
7/29/2020 7:49:27,vclinningj6@seattletimes.com,China,Software Engineer,beginner,none,proficient,beginner,beginner,competent,expert,beginner,competent,proficient,beginner,4,Database B,Platform A,Platform A;Platform B,Platform A;Platform B;Platform C,Platform A;Platform D;Platform C,Platform A;Platform B;Platform C,Platform A;Platform B;Platform C,vclinningj6@seattletimes.com
5/16/2020 10:45:44,amattinglyj9@ycombinator.com,Indonesia,Data Engineer,competent,none,competent,expert,proficient,beginner,competent,competent,expert,beginner,competent,4,Database B;Database A;Database D,Platform D,Platform A;Platform C,Platform C,Platform A;Platform D;Platform C,Platform A;Platform B;Platform C,"Platform A;Platform D,Platform B",amattinglyj9@ycombinator.com
8/20/2020 2:20:59,zworksjh@hibu.com,China,Product/Project Manager,proficient,expert,expert,expert,competent,none,competent,expert,none,expert,expert,1,Database C,Platform C,Platform B,Platform B,Platform A;Platform D;Platform C,Platform D;Platform B,Platform A;Platform D;Platform C,zworksjh@hibu.com
7/30/2020 16:23:52,jbalazsjp@miibeian.gov.cn,Iran,Data Scientist,proficient,none,competent,proficient,none,none,expert,proficient,none,beginner,competent,3,Database C,Platform B,Platform A;Platform C,Platform B Platform C,Platform A;Platform B;Platform C,"Platform A;Platform D,Platform B",Platform A;Platform B;Platform C,jbalazsjp@miibeian.gov.cn
9/22/2020 11:18:26,mplaisterjw@prweb.com,France,Product/Project Manager,competent,none,beginner,proficient,expert,competent,competent,none,expert,beginner,expert,2,Database D,Platform A,Platform A;Platform C,Platform A,Platform D;Platform C,Platform A;Platform D;Platform C,Platform D;Platform B,mplaisterjw@prweb.com
6/3/2020 1:13:15,sdemongejx@globo.com,Finland,Product/Project Manager,proficient,beginner,beginner,expert,competent,none,expert,beginner,proficient,competent,beginner,3,Database A,Platform D,Platform A;Platform C,Platform C,Platform D,Platform C,Platform A;Platform D;Platform C,sdemongejx@globo.com
6/15/2020 11:27:53,apaikjy@bizjournals.com,Indonesia,Data Engineer,expert,competent,expert,beginner,competent,proficient,none,competent,none,none,expert,3,Database B,Platform A,Platform B,Platform A;Platform C,Platform B,Platform C,Platform A;Platform D;Platform C,apaikjy@bizjournals.com
3/3/2020 20:01:03,lmurpheyk0@instagram.com,Sweden,Product/Project Manager,proficient,expert,beginner,beginner,proficient,none,none,competent,competent,beginner,proficient,2,Database C,Platform D,Platform B;Platform C,Platform A;Platform C,Platform D;Platform C,Platform D;Platform C,Platform B;Platform C,lmurpheyk0@instagram.com
3/24/2020 21:20:54,kjoplingk2@cdc.gov,United States,Software Engineer,none,beginner,competent,expert,proficient,expert,beginner,expert,beginner,none,none,3,Database B;Database E,Platform B,Platform A;Platform C,Platform C,Platform B;Platform C,Platform A;Platform B;Platform C,Platform B;Platform C,kjoplingk2@cdc.gov
8/14/2020 8:48:21,lclifforthk5@google.cn,Indonesia,Software Engineer,competent,competent,expert,expert,expert,beginner,none,proficient,beginner,competent,none,2,Database B;Database E,Platform B,Platform A,Platform B,"Platform A;Platform D,Platform B",Platform D;Platform B,Platform C,lclifforthk5@google.cn
9/5/2020 23:34:20,lbaneskc@theatlantic.com,Poland,Data Analyst,competent,competent,competent,expert,beginner,proficient,proficient,beginner,expert,none,competent,3,Database E,Platform A,Platform B,Platform B,Platform A;Platform B;Platform C,Platform D;Platform C,Platform A;Platform D;Platform C,lbaneskc@theatlantic.com
9/6/2020 13:03:16,dpetzoltkl@youtu.be,Poland,Data Analyst,beginner,proficient,competent,expert,beginner,expert,expert,expert,none,proficient,none,4,Database C,Platform D,Platform A;Platform B;Platform C,Platform B Platform C,Platform A;Platform D;Platform C,"Platform A;Platform D,Platform B",Platform D;Platform C,dpetzoltkl@youtu.be
11/28/2020 8:50:45,bquixleykn@printfriendly.com,Palau,Software Engineer,expert,none,beginner,beginner,beginner,expert,expert,proficient,none,beginner,expert,4,Database C,Platform B,Platform C,Platform B,Platform A;Platform B;Platform C,Platform D;Platform B,Platform D,bquixleykn@printfriendly.com
10/21/2020 18:56:33,dclemenceku@shop-pro.jp,Poland,Data Engineer,competent,none,beginner,beginner,proficient,proficient,none,expert,proficient,none,expert,3,Database E,Platform D,Platform A;Platform B,Platform A;Platform B;Platform C,Platform B;Platform C,Platform A;Platform D;Platform C,Platform A,dclemenceku@shop-pro.jp
10/13/2020 13:08:37,jjeppskv@ning.com,France,Data Scientist,beginner,competent,beginner,beginner,proficient,beginner,none,proficient,proficient,competent,proficient,4,Database D,Platform A,Platform B,Platform C,Platform D,Platform A,Platform B,jjeppskv@ning.com
5/5/2020 19:37:43,hrollingsl3@netvibes.com,Russia,Data Analyst,beginner,beginner,competent,proficient,none,none,beginner,expert,beginner,none,beginner,4,Database B;Database A;Database D,Platform C,Platform A,Platform B Platform C,Platform A,"Platform A;Platform D,Platform B",Platform D,hrollingsl3@netvibes.com
4/18/2020 3:22:50,amullinl8@ameblo.jp,Russia,Data Analyst,expert,expert,competent,none,competent,proficient,proficient,expert,none,none,beginner,1,Database E,Platform A,Platform B;Platform C,Platform A;Platform B;Platform C,Platform B;Platform C,Platform D,Platform D;Platform B,amullinl8@ameblo.jp
4/30/2020 17:01:18,kmccumskayl9@senate.gov,Poland,Software Engineer,none,none,expert,expert,proficient,beginner,beginner,none,proficient,beginner,competent,1,Database C,Platform C,Platform A;Platform B;Platform C,Platform A;Platform B,Platform C,Platform A;Platform D;Platform C,Platform D,kmccumskayl9@senate.gov
6/1/2020 14:18:27,rstopforthlb@sun.com,Tanzania,Software Engineer,expert,proficient,none,expert,competent,competent,expert,proficient,beginner,expert,none,3,Database B,Platform C,Platform B;Platform C,Platform A;Platform B;Platform C,Platform B;Platform C,Platform B,Platform A,rstopforthlb@sun.com
4/4/2020 18:54:57,bhayesld@gravatar.com,Macedonia,Product/Project Manager,competent,expert,expert,expert,expert,competent,beginner,competent,none,none,proficient,2,Database B,Platform D,Platform A;Platform B;Platform C,Platform B,Platform A,Platform C,"Platform A;Platform D,Platform B",bhayesld@gravatar.com
6/1/2020 6:42:32,ebuxcylk@wufoo.com,Russia,Data Scientist,proficient,none,expert,beginner,proficient,competent,expert,proficient,beginner,beginner,competent,2,Database B,Platform A,Platform B,Platform A;Platform B;Platform C,Platform B,Platform D,Platform A,ebuxcylk@wufoo.com
9/5/2020 2:36:37,csoggll@cpanel.net,Israel,Citizen Data Scientist,,none,expert,,proficient,competent,beginner,proficient,,competent,proficient,,Database C,Platform D,Platform B,,Platform D;Platform C,,Platform A;Platform D;Platform C,csoggll@cpanel.net
8/13/2020 4:30:49,dbrigglm@odnoklassniki.ru,Brazil,Data Analyst,proficient,proficient,beginner,beginner,expert,proficient,competent,expert,none,expert,none,2,Database D,Platform D,Platform A,Platform A;Platform B;Platform C,"Platform A;Platform D,Platform B",Platform A;Platform B;Platform C,Platform B;Platform C,dbrigglm@odnoklassniki.ru
8/24/2020 19:29:16,ogoboloslq@histats.com,Sweden,Citizen Data Scientist,expert,expert,proficient,competent,expert,none,beginner,proficient,proficient,beginner,proficient,4,Database B;Database A;Database D,Platform A,Platform B;Platform C,Platform A;Platform C,Platform C,Platform A;Platform B;Platform C,Platform D;Platform C,ogoboloslq@histats.com
5/4/2020 8:09:31,ipatenm3@latimes.com,Spain,Data Scientist,expert,none,competent,competent,expert,none,competent,beginner,none,none,none,4,Database B;Database A;Database D,Platform A,Platform A;Platform B;Platform C,Platform B,Platform A;Platform B;Platform C,Platform D,Platform B,ipatenm3@latimes.com
9/19/2020 23:12:21,zcarmanma@tumblr.com,Paraguay,Product/Project Manager,beginner,beginner,beginner,proficient,proficient,expert,expert,competent,expert,proficient,proficient,1,Database B,Platform B,Platform A;Platform C,Platform C,Platform A;Platform B;Platform C,Platform D;Platform B,Platform B;Platform C,zcarmanma@tumblr.com
4/6/2020 5:18:20,amaillardme@un.org,Portugal,Software Engineer,expert,beginner,proficient,expert,beginner,proficient,expert,competent,competent,competent,none,2,Database E,Platform C,Platform A;Platform B;Platform C,Platform C,Platform D,Platform D,Platform D;Platform B,amaillardme@un.org
9/26/2020 3:41:27,sdewdenymf@jimdo.com,United States,Data Analyst,beginner,competent,beginner,none,beginner,proficient,proficient,competent,competent,none,competent,1,Database B,Platform D,Platform A;Platform B,Platform A;Platform B;Platform C,Platform A,Platform D,Platform B,sdewdenymf@jimdo.com
3/16/2020 0:23:46,fcereceresmg@weather.com,China,Data Scientist,beginner,beginner,none,competent,none,proficient,competent,proficient,proficient,competent,competent,5,Database C,Platform B,Platform A;Platform B,Platform A,Platform D;Platform B,Platform B;Platform C,Platform B;Platform C,fcereceresmg@weather.com
7/3/2020 3:24:09,cstorrormh@about.me,Philippines,Product/Project Manager,beginner,expert,competent,none,proficient,expert,competent,competent,beginner,none,expert,2,Database B;Database A;Database D,Platform D,Platform B,Platform A;Platform B;Platform C,Platform C,Platform D,Platform D,cstorrormh@about.me
9/10/2020 15:24:02,mbushbymk@house.gov,Greece,Data Analyst,none,proficient,expert,expert,beginner,competent,none,beginner,none,none,beginner,5,Database E,Platform D,Platform A,Platform A;Platform B,"Platform A;Platform D,Platform B",Platform A,Platform A,mbushbymk@house.gov
3/10/2020 17:13:28,amutlowmo@t-online.de,Sweden,Data Engineer,none,beginner,none,expert,none,competent,none,beginner,expert,proficient,beginner,4,Database C,Platform B,Platform B;Platform C,Platform A,Platform B;Platform C,Platform A,Platform D;Platform C,amutlowmo@t-online.de
4/16/2020 12:44:53,bhegertymu@disqus.com,China,Citizen Data Scientist,expert,beginner,proficient,expert,beginner,competent,proficient,expert,proficient,competent,expert,4,Database B;Database A;Database D,Platform C,Platform A,Platform A;Platform C,Platform C,Platform D,Platform D;Platform B,bhegertymu@disqus.com
4/22/2020 14:02:03,jbealemv@ihg.com,Indonesia,Data Engineer,none,competent,expert,beginner,competent,competent,none,competent,competent,beginner,proficient,1,Database C,Platform A,Platform B,Platform A;Platform B;Platform C,Platform A;Platform D;Platform C,Platform D,Platform A,jbealemv@ihg.com
3/5/2020 13:38:43,ldefrainemy@baidu.com,Uzbekistan,Data Scientist,competent,expert,beginner,none,beginner,expert,proficient,expert,expert,beginner,beginner,1,Database D,Platform B,Platform B,Platform A;Platform B;Platform C,Platform D,Platform D;Platform C,"Platform A;Platform D,Platform B",ldefrainemy@baidu.com
9/11/2020 2:28:20,gpusilln0@tuttocitta.it,Indonesia,Software Engineer,proficient,expert,expert,beginner,expert,beginner,competent,none,beginner,proficient,beginner,5,Database C,Platform A,Platform A,Platform A;Platform B,Platform B;Platform C,Platform B,Platform B,gpusilln0@tuttocitta.it
5/13/2020 20:55:35,hhellenn2@goo.gl,Portugal,Data Scientist,competent,none,proficient,proficient,proficient,proficient,proficient,proficient,proficient,proficient,beginner,3,Database A,Platform A,Platform B,Platform A;Platform B;Platform C,Platform C,Platform A;Platform D;Platform C,Platform A;Platform B;Platform C,hhellenn2@goo.gl
6/29/2020 10:07:30,ttremathickn7@vk.com,Venezuela,Data Scientist,proficient,competent,expert,competent,proficient,proficient,expert,expert,none,beginner,beginner,2,Database C,Platform D,Platform C,Platform A,Platform B;Platform C,Platform D;Platform B,Platform B,ttremathickn7@vk.com
6/14/2020 12:53:42,bshallonb@wordpress.com,China,Software Engineer,expert,competent,none,beginner,competent,expert,expert,none,none,proficient,competent,3,Database C,Platform A,Platform B,Platform B,Platform A;Platform D;Platform C,Platform D,Platform D;Platform C,bshallonb@wordpress.com
3/3/2020 14:03:26,rraysdalenc@yelp.com,Portugal,Data Analyst,none,none,expert,expert,proficient,proficient,proficient,proficient,beginner,expert,beginner,3,Database E,Platform C,Platform A;Platform B,Platform A,Platform A;Platform D;Platform C,Platform A;Platform B;Platform C,Platform B,rraysdalenc@yelp.com
8/13/2020 5:56:37,ghebdonne@house.gov,China,Data Engineer,competent,none,expert,expert,proficient,competent,competent,expert,competent,competent,proficient,3,Database B;Database A;Database D,Platform D,Platform A;Platform B,Platform A;Platform B,Platform A,Platform D;Platform C,Platform A,ghebdonne@house.gov